item,classification,value,unit,period_or_as_of_date,primary_source_and_locator,rationale,independent_check,uncertainty_or_failure_mode
Revenue,reported fact,416161,USD millions,FY ended 2025-09-27,"Apple FY2025 Form 10-K Item 8 Consolidated Statements of Operations p. 29","Top-line base for the FCFF forecast.","Product-category revenues sum to 416161; geographic revenues also sum to 416161.","A total-sales forecast can be wrong if category mix or foreign exchange changes materially."
EBIT / operating income,reported fact,133050,USD millions,FY ended 2025-09-27,"Apple FY2025 Form 10-K Item 8 Consolidated Statements of Operations p. 29","Operating-income base for NOPAT and FCFF.","Gross margin 195201 minus operating expenses 62151 equals 133050.","Reported EBIT may contain non-recurring or non-operating classification effects that require later review."
Tax evidence,normalization,15.6,percent effective tax rate,FY ended 2025-09-27,"Apple FY2025 Form 10-K Item 7 p. 24; Item 8 Note 7 p. 41","Raw tax-rate evidence for a later normalized cash-tax assumption.","Income-tax provision 20719 divided by income before taxes 132729 equals 15.610%.","The FY2025 rate includes State Aid Decision effects and other tax items; do not carry it into a forecast without normalization."
Depreciation and amortization,reported fact,11698,USD millions,FY ended 2025-09-27,"Apple FY2025 Form 10-K Item 8 Consolidated Statements of Cash Flows p. 33","Non-cash charge added back in FCFF.","Cash-flow statement reports 11698 for FY2025 and 11445 for FY2024.","The filing reports combined depreciation and amortization; later forecasts may require separate treatment if material."
Capital expenditures,reported fact,12715,USD millions,FY ended 2025-09-27,"Apple FY2025 Form 10-K Item 8 Consolidated Statements of Cash Flows p. 33","Cash investment in property plant and equipment deducted in FCFF.","Cash-flow statement labels the amount as payments for acquisition of property plant and equipment.","This cash-flow line may not capture every form of operating reinvestment or capitalized-intangible spending."
Change in core operating net working capital,calculated output,4727,USD millions increase,FY ended 2025-09-27,"Apple FY2025 Form 10-K Item 8 Consolidated Statements of Cash Flows p. 33","Provisional FCFF working-capital cash use based on receivables inventory and accounts payable.","Increase = accounts receivable 6682 + vendor non-trade receivables 347 - inventory decrease 1400 - accounts-payable increase 902 = 4727.","This narrow convention excludes broad other assets and liabilities lines; the final DCF must document whether they are operating."
Cash and marketable securities,calculated output,132420,USD millions,As of 2025-09-27,"Apple FY2025 Form 10-K Item 8 Consolidated Balance Sheets p. 31","Potential non-operating assets for the enterprise-to-equity bridge; cash is not automatically all excess.","35934 cash and cash equivalents + 18763 current marketable securities + 77723 non-current marketable securities = 132420.","An operating-cash reserve and the treatment of marketable securities must be determined before adding assets to equity value."
Interest-bearing debt,calculated output,98657,USD millions,As of 2025-09-27,"Apple FY2025 Form 10-K Item 8 Consolidated Balance Sheets p. 31; Note 9 Debt pp. 43-44","Senior financing claim for the enterprise-to-equity bridge.","7979 commercial paper + 12350 current term debt + 78328 non-current term debt = 98657; Note 9 total term debt 90678 + commercial paper 7979 also equals 98657.","Lease liabilities and other debt-like claims are not included in this interest-bearing-debt total and require separate policy."
Diluted common shares,reported fact,15004.697,Millions of weighted-average shares,FY ended 2025-09-27,"Apple FY2025 Form 10-K Item 8 Note 3 Earnings Per Share p. 36","Provisional denominator for per-share equity value.","112010 net income divided by 15004.697 diluted weighted-average shares equals 7.465 and rounds to reported diluted EPS of 7.46.","This is a period-average EPS denominator rather than period-end shares outstanding; do not mix conventions without disclosure."
